City_ID,City,Country,Date,Lat,Lng,Max Temp,Humidity,Cloudiness,Wind Speed
0,Faanui,PF,2022-07-21 16:32:20,-16.4833,-151.75,77.22,73,19,12.39
1,Tuktoyaktuk,CA,2022-07-21 16:32:21,69.4541,-133.0374,51.8,87,100,2.3
2,Chokurdakh,RU,2022-07-21 16:32:22,70.6333,147.9167,37.53,55,94,7.54
3,Geraldton,AU,2022-07-21 16:32:23,-28.7667,114.6,61.63,62,54,11.65
4,Norman Wells,CA,2022-07-21 16:32:24,65.282,-126.8329,60.84,88,75,0.0
5,Ushuaia,AR,2022-07-21 16:32:25,-54.8,-68.3,31.62,93,75,24.16
6,Ucluelet,CA,2022-07-21 16:30:42,48.9329,-125.5528,57.09,93,68,1.01
7,Mataura,NZ,2022-07-21 16:32:26,-46.1927,168.8643,39.47,96,100,1.59
8,Vaini,TO,2022-07-21 16:32:28,-21.2,-175.2,66.36,100,20,4.61
9,Hobart,AU,2022-07-21 16:32:28,-42.8794,147.3294,39.27,90,0,1.01
10,Bengkulu,ID,2022-07-21 16:32:29,-3.8004,102.2655,75.63,92,72,4.23
11,Hofn,IS,2022-07-21 16:32:30,64.2539,-15.2082,55.42,76,100,6.91
12,Puerto Ayora,EC,2022-07-21 16:32:31,-0.7393,-90.3518,75.16,88,82,7.0
13,Bredasdorp,ZA,2022-07-21 16:32:32,-34.5322,20.0403,49.24,86,30,1.3
14,Salalah,OM,2022-07-21 16:32:33,17.0151,54.0924,77.09,94,100,5.75
15,Cordoba,AR,2022-07-21 16:32:33,-31.4135,-64.1811,66.76,36,100,3.0
16,Busselton,AU,2022-07-21 16:32:35,-33.65,115.3333,57.72,77,68,12.41
17,Punta Arenas,CL,2022-07-21 16:32:19,-53.15,-70.9167,35.71,75,20,21.85
18,Rikitea,PF,2022-07-21 16:32:36,-23.1203,-134.9692,74.55,73,36,12.15
19,Arica,CL,2022-07-21 16:32:37,-18.475,-70.3042,61.03,72,100,6.91
20,Hermanus,ZA,2022-07-21 16:27:49,-34.4187,19.2345,51.8,75,36,1.3
21,Sao Filipe,CV,2022-07-21 16:32:38,14.8961,-24.4956,75.76,86,75,7.76
22,Kodiak,US,2022-07-21 16:32:39,57.79,-152.4072,51.31,93,100,3.44
23,Malibu,US,2022-07-21 16:32:41,34.005,-118.8101,88.16,82,48,4.9
24,Awbari,LY,2022-07-21 16:32:41,26.5921,12.7805,94.44,14,0,8.68
25,Sobolevo,RU,2022-07-21 16:32:42,54.4299,31.8996,64.15,80,14,10.74
26,Gwanda,ZW,2022-07-21 16:32:43,-20.9333,29.0,61.95,64,53,1.72
27,Loa Janan,ID,2022-07-21 16:32:44,-0.583,117.095,73.62,99,88,1.66
28,San Cristobal,VE,2022-07-21 16:28:17,7.7669,-72.225,78.98,75,97,6.82
29,Lorengau,PG,2022-07-21 16:32:45,-2.0226,147.2712,80.28,78,98,4.99
30,New Norfolk,AU,2022-07-21 16:32:45,-42.7826,147.0587,38.91,83,0,2.98
31,Dikson,RU,2022-07-21 16:32:46,73.5069,80.5464,42.85,89,100,22.68
32,Lagoa,PT,2022-07-21 16:32:47,39.05,-27.9833,72.82,80,72,4.41
33,Bethel,US,2022-07-21 16:32:47,41.3712,-73.414,93.36,67,40,6.91
34,Abyek,IR,2022-07-21 16:32:48,36.0667,50.55,92.8,16,0,7.94
35,Agadir,MA,2022-07-21 16:32:49,30.4202,-9.5982,108.05,21,56,18.68
36,Pevek,RU,2022-07-21 16:32:49,69.7008,170.3133,31.86,99,100,8.41
37,Lerwick,GB,2022-07-21 16:32:50,60.1545,-1.1494,55.4,76,4,13.2
38,Khatanga,RU,2022-07-21 16:32:51,71.9667,102.5,52.68,64,100,7.54
39,Nishihara,JP,2022-07-21 16:32:52,26.1842,127.7558,83.48,94,26,11.5
40,Ahipara,NZ,2022-07-21 16:32:52,-35.1667,173.1667,54.03,85,82,7.2
41,Dingle,PH,2022-07-21 16:32:53,10.9995,122.6711,77.85,91,100,5.08
42,Provideniya,RU,2022-07-21 16:32:53,64.3833,-173.3,39.99,77,99,10.09
43,Okhotsk,RU,2022-07-21 16:33:24,59.3833,143.3,53.04,93,88,2.17
44,Cidreira,BR,2022-07-21 16:32:53,-30.1811,-50.2056,72.45,71,97,1.68
45,Gorontalo,ID,2022-07-21 16:33:25,0.5412,123.0595,74.88,95,36,2.08
46,Pangnirtung,CA,2022-07-21 16:33:26,66.1451,-65.7125,44.6,100,100,5.75
47,North Battleford,CA,2022-07-21 16:31:20,52.7834,-108.2847,73.49,46,0,11.5
48,Santa Cruz,BO,2022-07-21 16:29:06,-17.8,-63.1667,83.66,51,40,25.32
49,Atuona,PF,2022-07-21 16:33:28,-9.8,-139.0333,77.16,76,12,15.84
50,Jamestown,US,2022-07-21 16:33:28,42.097,-79.2353,80.02,70,100,14.97
51,Zvishavane,ZW,2022-07-21 16:33:29,-20.3267,30.0665,62.38,67,88,3.04
52,Gravdal,NO,2022-07-21 16:33:30,68.1214,13.5031,55.29,88,40,13.8
53,Qaanaaq,GL,2022-07-21 16:33:31,77.484,-69.3632,45.9,70,100,4.88
54,Gomel,BY,2022-07-21 16:32:06,52.4345,30.9754,64.83,94,75,6.71
55,Georgetown,MY,2022-07-21 16:28:36,5.4112,100.3354,83.89,86,20,3.44
56,Moranbah,AU,2022-07-21 16:33:33,-22.0016,148.0466,56.43,92,84,5.68
57,Beisfjord,NO,2022-07-21 16:33:34,68.3751,17.5988,57.25,94,100,3.56
58,Riberalta,BO,2022-07-21 16:33:34,-10.9833,-66.1,86.2,66,1,4.61
59,Oga,IT,2022-07-21 16:31:17,46.4631,10.347,77.54,58,66,4.12
60,Saldanha,ZA,2022-07-21 16:33:35,-33.0117,17.9442,55.45,73,50,9.04
61,Albany,US,2022-07-21 16:30:20,42.6001,-73.9662,90.68,62,23,3.0
62,Avarua,CK,2022-07-21 16:33:36,-21.2078,-159.775,71.65,73,75,12.66
63,Lazaro Cardenas,MX,2022-07-21 16:33:37,17.9583,-102.2,88.05,64,83,6.55
64,Nikolskoye,RU,2022-07-21 16:33:38,59.7035,30.7861,78.69,62,0,2.73
65,Saskylakh,RU,2022-07-21 16:33:39,71.9167,114.0833,48.24,73,99,11.21
66,Nyurba,RU,2022-07-21 16:28:50,63.2842,118.3319,54.9,95,99,4.88
67,Raposa,BR,2022-07-21 16:33:40,-6.5167,-44.1833,92.57,25,8,6.64
68,Noshiro,JP,2022-07-21 16:33:41,40.2039,140.0242,69.12,91,91,4.16
69,Nicoya,CR,2022-07-21 16:33:42,10.1483,-85.452,82.13,74,100,2.93
70,Yellowknife,CA,2022-07-21 16:30:42,62.456,-114.3525,63.12,55,20,5.75
71,Hithadhoo,MV,2022-07-21 16:29:12,-0.6,73.0833,81.54,71,100,5.08
72,Giyani,ZA,2022-07-21 16:33:44,-23.3025,30.7187,67.89,59,71,2.98
73,Barrow,US,2022-07-21 16:33:44,71.2906,-156.7887,42.82,81,0,23.02
74,Bakel,SN,2022-07-21 16:33:45,14.905,-12.4568,79.36,81,100,6.82
75,Carnarvon,AU,2022-07-21 16:33:45,-24.8667,113.6333,65.59,68,68,16.73
76,Bluff,NZ,2022-07-21 16:33:46,-46.6,168.3333,39.79,82,97,9.24
77,Puerto Escondido,MX,2022-07-21 16:33:47,15.85,-97.0667,90.43,62,40,6.91
78,Banff,CA,2022-07-21 16:33:47,51.1762,-115.5698,72.77,39,36,6.91
79,Marawi,PH,2022-07-21 16:33:48,7.9986,124.2928,68.79,94,88,2.57
80,Mar Del Plata,AR,2022-07-21 16:33:48,-38.0023,-57.5575,57.09,62,0,14.0
81,Morondava,MG,2022-07-21 16:33:49,-20.2833,44.2833,73.2,73,8,12.12
82,Ngama,TD,2022-07-21 16:33:50,11.7833,17.1667,87.82,55,89,4.59
83,Luderitz,NA,2022-07-21 16:33:50,-26.6481,15.1594,63.25,57,0,9.6
84,Kapaa,US,2022-07-21 16:33:51,22.0752,-159.319,80.19,83,100,21.85
85,Chuy,UY,2022-07-21 16:33:51,-33.6971,-53.4616,62.24,84,100,10.22
86,Neuquen,AR,2022-07-21 16:29:25,-38.9516,-68.0591,49.89,46,0,3.44
87,San Andres,CO,2022-07-21 16:29:16,12.5847,-81.7006,86.02,74,40,12.66
88,Sept-Iles,CA,2022-07-21 16:30:12,50.2001,-66.3821,72.12,55,75,10.36
89,Ancud,CL,2022-07-21 16:30:35,-41.8697,-73.8203,41.23,82,100,13.13
90,Baruun-Urt,MN,2022-07-21 16:34:24,46.6806,113.2792,71.8,45,55,11.92
91,Adrar,MR,2022-07-21 16:34:25,20.5022,-10.0711,101.62,23,23,9.51
92,Bonthe,SL,2022-07-21 16:34:26,7.5264,-12.505,77.72,79,100,12.01
93,Iqaluit,CA,2022-07-21 16:29:45,63.7506,-68.5145,40.69,100,100,5.01
94,Port Alfred,ZA,2022-07-21 16:34:27,-33.5906,26.891,57.18,84,0,6.02
95,Pontes E Lacerda,BR,2022-07-21 16:34:28,-15.2261,-59.3353,95.41,17,21,7.96
96,Padang,ID,2022-07-21 16:34:28,-0.9492,100.3543,77.61,88,99,3.36
97,Coquimbo,CL,2022-07-21 16:34:02,-29.9533,-71.3436,55.13,82,75,8.05
98,Kharan,PK,2022-07-21 16:34:29,28.5833,65.4167,98.44,29,73,8.88
99,Cabo San Lucas,MX,2022-07-21 16:31:31,22.8909,-109.9124,97.61,45,0,11.5
100,Namatanai,PG,2022-07-21 16:34:30,-3.6667,152.4333,78.73,81,37,5.99
101,Saryagash,KZ,2022-07-21 16:34:31,41.4511,69.1701,93.16,9,0,11.61
102,Labuhan,ID,2022-07-21 16:34:31,-6.8844,112.2051,75.83,82,80,8.66
103,Kargasok,RU,2022-07-21 16:34:32,59.0556,80.8572,57.38,94,97,6.06
104,Port Elizabeth,ZA,2022-07-21 16:30:39,-33.918,25.5701,57.49,83,0,3.44
105,Calvinia,ZA,2022-07-21 16:34:33,-31.4707,19.776,52.66,30,0,4.03
106,San Blas,MX,2022-07-21 16:34:34,21.5167,-105.2667,91.29,63,33,4.65
107,Rocha,UY,2022-07-21 16:33:27,-34.4833,-54.3333,59.0,72,79,9.44
108,San Jose,US,2022-07-21 16:29:51,37.3394,-121.895,72.9,66,100,4.61
109,Rio Gallegos,AR,2022-07-21 16:31:32,-51.6226,-69.2181,33.85,75,0,31.07
110,Qostanay,KZ,2022-07-21 16:34:36,53.1667,63.5833,68.29,42,0,8.95
111,Calbuco,CL,2022-07-21 16:34:36,-41.768,-73.1273,42.01,84,100,13.15
112,Ottawa,CA,2022-07-21 16:33:35,45.4112,-75.6981,82.67,71,75,14.97
113,Merauke,ID,2022-07-21 16:32:55,-8.4667,140.3333,75.09,89,21,8.93
114,Chimbote,PE,2022-07-21 16:34:38,-9.0853,-78.5783,66.31,72,95,9.95
115,Cravo Norte,CO,2022-07-21 16:34:38,6.3017,-70.2041,74.55,91,98,7.96
116,Pafos,CY,2022-07-21 16:30:21,34.7667,32.4167,86.23,74,0,14.97
117,Airai,TL,2022-07-21 16:34:40,-8.9266,125.4092,55.44,90,88,2.8
118,Baculin,PH,2022-07-21 16:34:40,7.4525,126.5842,77.04,88,93,3.65
119,Ostrovnoy,RU,2022-07-21 16:34:41,68.0531,39.5131,55.18,82,57,5.5
120,San Martin,AR,2022-07-21 16:34:42,-33.081,-68.4681,61.34,34,0,10.67
121,Nemuro,JP,2022-07-21 16:34:42,43.3236,145.575,56.68,90,0,8.37
122,Diu,IN,2022-07-21 16:34:43,20.7141,70.9822,81.54,80,100,13.96
123,Sao Miguel,BR,2022-07-21 16:34:44,-5.4667,-35.3667,83.17,68,97,14.79
124,Horki,BY,2022-07-21 16:34:44,54.2861,30.9842,64.98,86,5,9.35
125,Tasiilaq,GL,2022-07-21 16:34:45,65.6145,-37.6368,41.16,73,91,2.77
126,Mahebourg,MU,2022-07-21 16:34:45,-20.4081,57.7,69.26,88,40,11.5
127,Yangambi,CD,2022-07-21 16:34:46,0.8102,24.4336,75.29,84,91,3.13
128,Fairbanks,US,2022-07-21 16:30:20,64.8378,-147.7164,56.82,73,75,3.44
129,Ponta Delgada,PT,2022-07-21 16:33:48,37.7333,-25.6667,72.32,78,75,5.75
130,Cape Town,ZA,2022-07-21 16:34:48,-33.9258,18.4232,59.27,76,0,6.91
131,Lata,PT,2022-07-21 16:34:48,40.1629,-8.3327,86.49,49,1,8.7
132,San Patricio,US,2022-07-21 16:34:49,28.017,-97.5169,93.16,40,2,15.37
133,Upernavik,GL,2022-07-21 16:35:20,72.7868,-56.1549,47.25,84,100,6.46
134,Tiksi,RU,2022-07-21 16:35:20,71.6872,128.8694,41.0,84,43,10.63
135,Nanortalik,GL,2022-07-21 16:35:21,60.1432,-45.2371,52.23,73,6,14.2
136,Jizan,SA,2022-07-21 16:35:22,17.3333,42.6667,90.54,54,96,7.83
137,Poum,NC,2022-07-21 16:35:22,-20.2333,164.0167,76.14,89,5,24.09
138,Klaksvik,FO,2022-07-21 16:35:23,62.2266,-6.589,50.92,82,43,10.6
139,Bambanglipuro,ID,2022-07-21 16:35:24,-7.95,110.2833,75.61,82,60,9.95
140,Starkville,US,2022-07-21 16:35:24,33.4504,-88.8184,93.43,70,40,6.91
141,Avesta,SE,2022-07-21 16:35:25,60.1455,16.1679,88.39,35,98,3.42
142,Havoysund,NO,2022-07-21 16:35:26,70.9963,24.6622,57.43,97,100,9.91
143,Mandera,KE,2022-07-21 16:35:27,3.9366,41.867,86.7,33,30,14.52
144,Edson,CA,2022-07-21 16:35:28,53.5835,-116.4356,68.11,45,0,3.44
145,Aviemore,GB,2022-07-21 16:35:29,57.1955,-3.8259,60.46,56,91,6.8
146,Brumunddal,NO,2022-07-21 16:35:29,60.881,10.9395,72.25,75,100,3.06
147,Benguela,AO,2022-07-21 16:35:30,-12.5763,13.4055,68.95,81,54,5.3
148,Fort Nelson,CA,2022-07-21 16:35:30,58.8053,-122.7002,56.79,72,75,5.75
149,Turayf,SA,2022-07-21 16:35:31,31.6725,38.6637,97.05,20,0,11.5
150,Saint-Philippe,RE,2022-07-21 16:35:32,-21.3585,55.7679,69.39,76,58,16.44
151,Road Town,VG,2022-07-21 16:35:32,18.4167,-64.6167,80.69,94,40,9.22
152,Jahazpur,IN,2022-07-21 16:35:33,25.6167,75.2833,79.95,85,100,5.91
153,Eustis,US,2022-07-21 16:31:03,28.8528,-81.6853,94.06,66,0,4.61
154,Sao Joao Da Barra,BR,2022-07-21 16:35:34,-21.6403,-41.0511,78.89,71,21,9.84
155,Guerrero Negro,MX,2022-07-21 16:35:35,27.9769,-114.0611,75.16,62,61,14.72
156,Zhezkazgan,KZ,2022-07-21 16:35:36,47.8043,67.7144,84.29,24,39,10.45
157,Poselki,RU,2022-07-21 16:35:37,53.1324,46.5031,57.85,95,91,9.24
158,Severodvinsk,RU,2022-07-21 16:31:22,64.5635,39.8302,68.11,77,4,8.77
159,Vardo,NO,2022-07-21 16:35:38,70.3705,31.1107,58.98,82,0,6.91
160,Rawson,AR,2022-07-21 16:35:39,-43.3002,-65.1023,48.74,40,60,25.23
161,Palu,ID,2022-07-21 16:35:39,-0.8917,119.8707,75.65,95,71,2.73
162,Ribeira Grande,PT,2022-07-21 16:35:40,38.5167,-28.7,75.6,88,20,8.05
163,Russell,US,2022-07-21 16:35:41,32.3502,-85.1999,89.01,50,98,6.11
164,Budureasa,RO,2022-07-21 16:35:41,46.6667,22.5,80.96,23,0,6.31
165,Vila Franca Do Campo,PT,2022-07-21 16:35:42,37.7167,-25.4333,72.01,69,65,1.95
166,Chara,RU,2022-07-21 16:34:47,56.9064,118.2631,61.9,86,85,3.22
167,Mayo,US,2022-07-21 16:35:43,38.8876,-76.5119,95.97,67,0,5.75
168,Gat,IL,2022-07-21 16:35:44,31.61,34.7642,83.8,100,2,9.37
169,Dicabisagan,PH,2022-07-21 16:35:44,17.0818,122.4157,80.94,85,47,1.54
170,Vestmannaeyjar,IS,2022-07-21 16:35:45,63.4427,-20.2734,50.99,100,100,6.91
171,Thompson,CA,2022-07-21 16:33:05,55.7435,-97.8558,60.96,94,100,10.36
172,Ust-Ilimsk,RU,2022-07-21 16:35:46,58.0006,102.6619,57.74,73,61,1.74
173,Tuatapere,NZ,2022-07-21 16:35:46,-46.1333,167.6833,43.38,89,97,2.71
174,Vila Velha,BR,2022-07-21 16:31:14,-20.3297,-40.2925,78.75,77,40,12.66
175,Satun,TH,2022-07-21 16:35:47,6.8333,100.0,80.6,93,100,1.86
176,Tual,ID,2022-07-21 16:35:49,-5.6667,132.75,77.99,77,65,17.45
177,Dunedin,NZ,2022-07-21 16:32:42,-45.8742,170.5036,47.8,82,96,8.99
178,Nome,US,2022-07-21 16:35:50,64.5011,-165.4064,46.47,93,75,4.61
179,Umaria,IN,2022-07-21 16:36:21,23.5333,80.8333,79.3,84,100,3.04
180,Savinka,RU,2022-07-21 16:36:22,50.0785,47.0994,70.02,63,62,2.13
181,Lukovetskiy,RU,2022-07-21 16:36:22,64.2956,41.9211,69.31,66,6,5.41
182,Beinamar,TD,2022-07-21 16:36:23,8.6698,15.3813,75.54,88,87,2.82
183,Port Hedland,AU,2022-07-21 16:36:24,-20.3167,118.5667,70.92,66,0,10.09
184,Cherskiy,RU,2022-07-21 16:36:24,68.75,161.3,34.16,90,14,9.62
185,Constitucion,CL,2022-07-21 16:36:25,-35.3333,-72.4167,59.34,69,20,7.23
186,Shumerlya,RU,2022-07-21 16:36:26,55.5005,46.4129,60.84,92,94,9.28
187,Strezhevoy,RU,2022-07-21 16:32:10,60.7333,77.5889,57.7,92,100,3.78
188,Hilo,US,2022-07-21 16:36:27,19.7297,-155.09,74.28,99,75,4.61
189,Vilyuysk,RU,2022-07-21 16:36:28,63.7553,121.6247,58.01,97,100,9.42
190,Narsaq,GL,2022-07-21 16:36:29,60.9167,-46.05,66.42,71,8,8.03
191,Manzhouli,CN,2022-07-21 16:36:29,49.6,117.4333,67.96,77,18,3.38
192,Kahului,US,2022-07-21 16:36:30,20.8947,-156.47,73.42,83,40,8.05
193,Baykit,RU,2022-07-21 16:36:30,61.67,96.37,59.9,75,83,3.38
194,Butaritari,KI,2022-07-21 16:36:31,3.0707,172.7902,80.01,76,69,3.67
195,Hamilton,US,2022-07-21 16:36:13,39.1834,-84.5333,87.75,63,40,12.66
196,Hobyo,SO,2022-07-21 16:36:32,5.3505,48.5268,76.41,81,81,26.62
197,Pascagoula,US,2022-07-21 16:36:33,30.3658,-88.5561,93.2,67,20,6.91
198,Gasa,PS,2022-07-21 16:36:33,31.5,34.4667,82.89,74,3,9.89
199,Pisco,PE,2022-07-21 16:36:34,-13.7,-76.2167,64.02,77,100,3.44
200,Katsuura,JP,2022-07-21 16:36:35,35.1333,140.3,77.9,93,100,12.44
201,East London,ZA,2022-07-21 16:36:35,-33.0153,27.9116,56.34,88,0,9.22
202,Cockburn Town,TC,2022-07-21 16:36:36,21.4612,-71.1419,85.96,66,40,17.27
203,Caiaponia,BR,2022-07-21 16:36:37,-16.9567,-51.8103,86.79,21,89,7.27
204,Marienburg,PL,2022-07-21 16:36:38,54.0359,19.0266,93.87,35,14,9.24
205,Turukhansk,RU,2022-07-21 16:36:38,65.8167,87.9833,56.75,77,68,7.38
206,Dubovyy Umet,RU,2022-07-21 16:36:39,52.9763,50.2857,68.72,60,100,9.55
207,Doka,SD,2022-07-21 16:36:40,13.5167,35.7667,75.78,76,57,6.76
208,Buin,CL,2022-07-21 16:35:28,-33.7333,-70.75,69.42,36,0,1.77
209,Concord,US,2022-07-21 16:33:02,37.978,-122.0311,71.8,68,0,12.66
210,Salinopolis,BR,2022-07-21 16:33:38,-0.6136,-47.3561,84.6,65,25,9.06
211,Panzhihua,CN,2022-07-21 16:36:41,26.5851,101.7128,70.23,94,94,1.01
212,Qasigiannguit,GL,2022-07-21 16:36:42,68.8193,-51.1922,62.85,68,100,11.92
213,Basco,PH,2022-07-21 16:36:43,20.4487,121.9702,85.26,80,8,13.6
214,Severo-Kurilsk,RU,2022-07-21 16:32:18,50.6789,156.125,52.57,97,100,24.63
215,Castro,BR,2022-07-21 16:36:44,-24.7911,-50.0119,72.68,52,9,7.65
216,Roald,NO,2022-07-21 16:36:44,62.5833,6.1333,60.75,77,40,13.8
217,Praya,CV,2022-07-21 16:34:53,14.9215,-23.5087,82.94,69,75,14.97
218,Cloquet,US,2022-07-21 16:36:45,46.7216,-92.4594,78.62,53,100,13.8
219,Srednekolymsk,RU,2022-07-21 16:36:46,67.45,153.6833,41.63,53,16,5.5
220,Tsabong,BW,2022-07-21 16:36:47,-26.0217,22.401,65.7,32,0,7.61
221,Clyde River,CA,2022-07-21 16:34:08,70.4692,-68.5914,39.43,93,100,14.97
222,Ixtapa,MX,2022-07-21 16:34:10,20.7,-105.2,90.23,66,40,1.99
223,Roebourne,AU,2022-07-21 16:36:48,-20.7833,117.1333,70.56,81,0,8.41
224,Lecce,IT,2022-07-21 16:36:49,40.2167,18.1667,91.29,35,0,10.36
225,Bambous Virieux,MU,2022-07-21 16:36:49,-20.3428,57.7575,69.22,88,40,11.5
226,Laguna,US,2022-07-21 16:36:30,38.421,-121.4238,88.09,58,0,6.91
227,Avera,US,2022-07-21 16:36:50,33.194,-82.5271,81.91,67,100,11.56
228,Manjacaze,MZ,2022-07-21 16:36:51,-24.7117,33.8828,64.92,78,9,5.44
229,Villa Carlos Paz,AR,2022-07-21 16:37:22,-31.4241,-64.4978,63.39,34,100,10.42
230,Shelburne,CA,2022-07-21 16:37:23,44.0787,-80.2041,71.11,55,61,19.24
231,Kanniyakumari,IN,2022-07-21 16:37:23,8.0833,77.5667,79.41,82,23,19.77
232,Manggar,ID,2022-07-21 16:37:24,-2.8833,108.2667,81.28,81,62,11.1
233,Atlantic City,US,2022-07-21 16:35:15,39.3643,-74.4229,95.18,64,0,8.05
234,Lavrentiya,RU,2022-07-21 16:37:25,65.5833,-171.0,39.43,89,100,22.01
235,Quatre Cocos,MU,2022-07-21 16:37:26,-20.2078,57.7625,69.1,72,70,19.84
236,Koumac,NC,2022-07-21 16:37:27,-20.5667,164.2833,74.28,86,7,8.5
237,Xichang,CN,2022-07-21 16:37:28,27.8964,102.2634,65.8,94,79,2.57
238,Aklavik,CA,2022-07-21 16:37:28,68.2191,-135.0107,55.4,94,100,2.3
239,Ligayan,PH,2022-07-21 16:37:29,4.6533,119.4706,83.62,73,99,6.2
240,Namibe,AO,2022-07-21 16:37:30,-15.1961,12.1522,64.47,81,0,5.32
241,Ayan,RU,2022-07-21 16:37:30,56.45,138.1667,56.77,96,100,2.15
242,Nakatunguru,TZ,2022-07-21 16:37:31,-2.1167,33.0667,75.2,57,19,4.81
243,Korla,CN,2022-07-21 16:36:37,41.7597,86.1469,80.46,28,0,4.21
244,Lebu,CL,2022-07-21 16:37:32,-37.6167,-73.65,53.04,80,89,5.99
245,Broome,US,2022-07-21 16:37:33,42.2506,-75.833,90.46,52,75,14.97
246,Port-Gentil,GA,2022-07-21 16:37:34,-0.7193,8.7815,78.76,78,40,13.8
247,Jalu,LY,2022-07-21 16:37:07,29.0331,21.5482,91.51,19,0,11.72
248,Fare,PF,2022-07-21 16:37:35,-16.7,-151.0167,76.46,75,9,11.07
249,Galle,LK,2022-07-21 16:37:35,6.0367,80.217,78.76,86,85,17.09
250,Luwuk,ID,2022-07-21 16:37:37,-0.9516,122.7875,76.26,89,25,5.06
251,Daru,PG,2022-07-21 16:37:37,-9.0763,143.2092,76.03,92,72,10.58
252,Kindu,CD,2022-07-21 16:37:38,-2.95,25.95,77.83,58,20,0.74
253,Alice Springs,AU,2022-07-21 16:35:35,-23.7,133.8833,43.54,48,0,5.32
254,Yumen,CN,2022-07-21 16:37:39,40.2833,97.2,70.16,24,0,8.25
255,Spirit River,CA,2022-07-21 16:37:40,55.7833,-118.8361,61.23,48,100,13.09
256,Sakakah,SA,2022-07-21 16:37:41,29.9697,40.2064,108.97,10,0,11.95
257,College,US,2022-07-21 16:37:41,64.8569,-147.8028,56.8,74,75,3.44
258,Skagen,DK,2022-07-21 16:37:42,57.7209,10.5839,64.29,90,100,8.43
259,Abeche,TD,2022-07-21 16:37:43,13.8292,20.8324,72.66,81,73,14.12
260,Necochea,AR,2022-07-21 16:37:44,-38.5473,-58.7368,51.64,39,77,10.87
261,Rognan,NO,2022-07-21 16:37:45,67.0953,15.3878,55.89,49,100,2.3
262,Tabou,CI,2022-07-21 16:34:44,4.423,-7.3528,77.5,66,77,7.94
263,Liepaja,LV,2022-07-21 16:37:46,56.5419,21.0367,76.98,61,0,5.75
264,Flagstaff,US,2022-07-21 16:36:25,35.1981,-111.6513,81.05,38,91,3.0
265,Kavaratti,IN,2022-07-21 16:37:47,10.5669,72.642,80.98,81,89,20.33
266,Ayagoz,KZ,2022-07-21 16:37:47,47.9714,80.4392,71.01,54,52,12.62
267,Kuytun,RU,2022-07-21 16:37:48,54.3419,101.5036,55.83,81,95,6.02
268,Kerema,PG,2022-07-21 16:37:48,-7.9631,145.7785,76.75,89,89,4.5
269,Ciudad Bolivar,VE,2022-07-21 16:37:49,8.1222,-63.5497,89.17,55,42,8.72
270,Burgos,ES,2022-07-21 16:37:50,42.3394,-3.7079,90.01,25,20,11.5
271,Vila Do Maio,CV,2022-07-21 16:37:50,15.1333,-23.2167,83.19,83,93,9.37
272,Porto Novo,BJ,2022-07-21 16:37:51,6.4965,2.6036,80.42,73,79,11.18
273,Sulangan,PH,2022-07-21 16:37:51,11.1373,123.7228,84.25,75,100,8.59
274,Chapais,CA,2022-07-21 16:38:22,49.7834,-74.8492,71.38,81,58,14.74
275,Shu,KZ,2022-07-21 16:38:23,43.5983,73.7614,85.59,11,0,8.97
276,Sosnovo-Ozerskoye,RU,2022-07-21 16:38:23,52.5249,111.5418,60.69,54,96,4.9
277,Achit,RU,2022-07-21 16:38:24,56.7985,57.8994,57.07,85,98,3.69
278,Kieta,PG,2022-07-21 16:38:24,-6.2167,155.6333,79.29,78,85,2.04
279,Jiuquan,CN,2022-07-21 16:38:25,39.7432,98.5174,69.48,25,5,8.21
280,Longyearbyen,SJ,2022-07-21 16:38:26,78.2186,15.6401,49.84,87,75,6.91
281,Kamaishi,JP,2022-07-21 16:38:27,39.2667,141.8833,70.38,91,64,1.61
282,Yulara,AU,2022-07-21 16:38:28,-25.2406,130.9889,50.14,40,5,8.48
283,Oktyabrskoye,RU,2022-07-21 16:38:28,43.0645,44.7417,68.14,77,75,6.71
284,Lakes Entrance,AU,2022-07-21 16:38:29,-37.8811,147.981,39.16,89,1,9.44
285,Odessa,UA,2022-07-21 16:38:30,46.4775,30.7326,80.22,36,0,3.6
286,Bozeman,US,2022-07-21 16:38:31,45.6796,-111.0386,80.02,29,0,3.0
287,Raton,US,2022-07-21 16:37:18,36.9034,-104.4391,82.33,55,0,3.44
288,Ulagan,RU,2022-07-21 16:38:32,50.6321,87.9563,49.69,93,62,4.16
289,Saint-Pierre,RE,2022-07-21 16:37:10,-21.3393,55.4781,69.48,73,0,6.91
290,Mwene-Ditu,CD,2022-07-21 16:38:33,-7.0,23.45,75.67,40,38,4.41
291,Vao,NC,2022-07-21 16:38:34,-22.6667,167.4833,73.29,90,16,20.42
292,Ushtobe,KZ,2022-07-21 16:38:34,45.2514,77.9838,82.76,23,0,9.42
293,Villa Guerrero,MX,2022-07-21 16:38:35,18.8667,-99.65,76.28,55,30,4.18
294,Juneau,US,2022-07-21 16:38:10,58.3019,-134.4197,54.84,99,100,10.36
295,Mahibadhoo,MV,2022-07-21 16:38:36,3.7833,72.9667,82.8,74,100,14.12
296,Back Mountain,US,2022-07-21 16:36:58,41.3359,-75.9963,90.16,54,2,11.5
297,Lipin Bor,RU,2022-07-21 16:38:37,60.2622,37.9763,67.89,67,13,4.18
298,Xining,CN,2022-07-21 16:38:38,36.6167,101.7667,47.88,89,56,2.82
299,Torbay,CA,2022-07-21 16:38:38,47.6666,-52.7314,75.27,64,75,19.57
300,Port Hardy,CA,2022-07-21 16:34:15,50.6996,-127.4199,53.78,94,100,4.61
301,Zella-Mehlis,DE,2022-07-21 16:38:39,50.65,10.65,76.71,42,68,8.55
302,Dekar,BW,2022-07-21 16:38:40,-21.5333,21.9333,61.61,36,13,9.51
303,Phonhong,LA,2022-07-21 16:38:41,18.5007,102.4166,75.76,93,100,2.95
304,Ternate,ID,2022-07-21 16:36:04,0.8,127.4,79.77,79,100,3.2
305,Thinadhoo,MV,2022-07-21 16:38:42,0.5333,72.9333,82.18,70,98,11.95
306,Arraial Do Cabo,BR,2022-07-21 16:38:42,-22.9661,-42.0278,76.96,65,40,12.66
307,Harper,LR,2022-07-21 16:38:43,4.375,-7.7169,77.5,66,66,8.68
308,Acarau,BR,2022-07-21 16:38:43,-2.8856,-40.12,87.64,54,72,11.92
309,Iralaya,HN,2022-07-21 16:38:44,15.0,-83.2333,84.2,70,10,10.18
310,Surin,TH,2022-07-21 16:34:20,14.8818,103.4936,77.0,99,100,9.37
311,Seydi,TM,2022-07-21 16:38:45,39.4816,62.9137,98.44,10,0,13.38
312,Penzance,GB,2022-07-21 16:38:46,50.1186,-5.5371,68.68,55,20,12.66
313,Podlesnoye,RU,2022-07-21 16:38:47,51.8161,47.009,62.24,87,74,8.68
314,Fairfield,US,2022-07-21 16:34:12,41.2668,-73.3162,93.52,67,40,6.91
315,Aksu,CN,2022-07-21 16:38:48,41.1231,80.2644,83.7,22,0,6.55
316,Paamiut,GL,2022-07-21 16:38:49,61.994,-49.6678,46.51,89,60,7.05
317,Waipawa,NZ,2022-07-21 16:38:50,-41.4122,175.5153,44.94,69,100,17.92
318,Lethem,GY,2022-07-21 16:38:51,3.3803,-59.7968,86.45,64,51,6.35
319,Sao Gabriel Da Cachoeira,BR,2022-07-21 16:36:14,-0.1303,-67.0892,85.8,70,40,3.44
320,Jevargi,IN,2022-07-21 16:38:52,17.0167,76.7667,83.43,64,100,7.78
321,Kishtwar,IN,2022-07-21 16:39:22,33.3167,75.7667,67.82,96,95,0.81
322,Salo,IT,2022-07-21 16:39:23,45.6086,10.531,97.32,35,0,6.02
323,Aketi,CD,2022-07-21 16:39:24,2.7388,23.7833,77.04,77,97,1.83
324,Souillac,MU,2022-07-21 16:39:25,-20.5167,57.5167,68.38,88,40,11.5
325,Gemena,CD,2022-07-21 16:39:26,3.25,19.7667,72.79,96,81,0.34
326,Arlit,NE,2022-07-21 16:39:27,18.7369,7.3853,104.56,9,2,10.4
327,Camacha,PT,2022-07-21 16:37:40,33.0833,-16.3333,69.22,68,75,18.41
328,Mount Gambier,AU,2022-07-21 16:39:28,-37.8333,140.7667,47.23,85,62,8.05
329,Bandarbeyla,SO,2022-07-21 16:39:29,9.4942,50.8122,76.23,80,98,31.72
330,Meulaboh,ID,2022-07-21 16:39:29,4.1363,96.1285,77.68,84,100,4.56
331,Lasa,IT,2022-07-21 16:39:30,46.6166,10.7002,83.28,69,53,2.06
332,Neyshabur,IR,2022-07-21 16:39:31,36.2133,58.7958,87.49,11,0,5.88
333,Fort Smith,US,2022-07-21 16:39:31,35.3859,-94.3986,98.65,38,0,9.22
334,Mayya,RU,2022-07-21 16:39:32,61.7333,130.2811,63.72,73,81,2.95
335,Touros,BR,2022-07-21 16:39:33,-5.1989,-35.4608,81.99,64,83,13.89
336,Marsabit,KE,2022-07-21 16:39:33,2.3284,37.9899,70.77,42,15,21.07
337,Saint-Francois,FR,2022-07-21 16:39:34,46.4154,3.9054,83.64,42,0,5.75
338,Winnemucca,US,2022-07-21 16:35:07,40.973,-117.7357,80.65,12,0,0.0
339,Itacare,BR,2022-07-21 16:39:35,-14.2775,-38.9967,77.94,67,27,9.84
340,Mapiripan,CO,2022-07-21 16:39:36,2.8892,-72.1256,71.24,97,100,2.44
341,Ilulissat,GL,2022-07-21 16:39:37,69.2167,-51.1,62.62,48,75,12.66
342,Lianzhou,CN,2022-07-21 16:39:38,24.7811,112.3825,76.91,94,6,1.81
343,Codrington,AU,2022-07-21 16:39:38,-38.2667,141.9667,47.01,85,17,12.24
344,Camana,PE,2022-07-21 16:39:39,-16.6228,-72.7111,62.58,78,96,7.76
345,Eureka,US,2022-07-21 16:39:39,40.8021,-124.1637,58.19,87,73,1.99
346,Spiridonovka,RU,2022-07-21 16:39:40,53.0925,50.6462,69.3,64,100,11.7
347,Mabaruma,GY,2022-07-21 16:39:41,8.2,-59.7833,82.31,84,24,5.06
348,Killybegs,IE,2022-07-21 16:39:41,54.6333,-8.45,60.51,65,98,9.17
349,Qaqortoq,GL,2022-07-21 16:39:42,60.7167,-46.0333,51.3,83,10,7.23
350,Salar,ES,2022-07-21 16:39:43,37.1499,-4.0191,99.09,23,0,11.36
351,Tottori,JP,2022-07-21 16:39:44,35.5,134.2333,75.56,92,21,5.61
352,Ngunguru,NZ,2022-07-21 16:39:44,-35.6167,174.5,51.67,83,26,11.52
353,Morada Nova,BR,2022-07-21 16:37:27,-5.1067,-38.3725,86.09,50,90,8.81
354,Asamankese,GH,2022-07-21 16:39:45,5.8601,-0.6635,77.13,71,69,7.85
355,Barguzin,RU,2022-07-21 16:39:46,53.6167,109.6167,62.67,69,100,1.79
356,Blackwater,AU,2022-07-21 16:39:46,-23.5833,148.8833,53.65,95,34,4.29
357,Pinega,RU,2022-07-21 16:39:47,64.7001,43.3936,66.38,62,7,6.89
358,Leningradskiy,RU,2022-07-21 16:39:48,69.3833,178.4167,33.48,99,100,12.97
359,Mitsamiouli,KM,2022-07-21 16:39:48,-11.3847,43.2844,77.29,61,20,10.36
360,Caravelas,BR,2022-07-21 16:39:49,-17.7125,-39.2481,77.49,63,2,8.46
361,Angoche,MZ,2022-07-21 16:39:49,-16.2325,39.9086,72.48,69,1,5.79
362,Hasaki,JP,2022-07-21 16:39:15,35.7333,140.8333,79.29,91,100,12.93
363,Petropavlovsk-Kamchatskiy,RU,2022-07-21 16:39:50,53.0452,158.6483,57.79,100,100,2.24
364,Ponta Do Sol,PT,2022-07-21 16:39:51,32.6667,-17.1,75.13,64,1,3.76
365,Cururupu,BR,2022-07-21 16:39:52,-1.8283,-44.8683,85.55,58,55,4.43
366,Isangel,VU,2022-07-21 16:39:52,-19.55,169.2667,76.59,85,16,11.56
367,Marsh Harbour,BS,2022-07-21 16:40:23,26.5412,-77.0636,83.5,71,9,11.54
368,Chandrakona,IN,2022-07-21 16:40:23,22.7333,87.5167,83.71,80,100,8.08
369,Saint George,US,2022-07-21 16:40:24,37.1041,-113.5841,99.79,20,0,4.61
370,Richards Bay,ZA,2022-07-21 16:40:25,-28.783,32.0377,65.75,88,10,5.79
371,Mnogovershinnyy,RU,2022-07-21 16:40:26,53.9353,139.9242,51.17,98,100,4.18
372,Alofi,NU,2022-07-21 16:40:28,-19.0595,-169.9187,67.89,88,6,2.3
373,Hovd,MN,2022-07-21 16:37:55,48.0056,91.6419,64.29,44,69,2.53
374,Monte Santo,BR,2022-07-21 16:40:31,-10.4378,-39.3328,77.92,52,94,10.65
375,Ola,RU,2022-07-21 16:40:31,59.5833,151.2833,64.15,88,91,0.74
376,Teya,RU,2022-07-21 16:40:33,60.3778,92.6267,56.25,86,73,2.42
377,Kingsport,US,2022-07-21 16:40:33,36.5484,-82.5618,84.11,71,40,3.44
378,Erenhot,CN,2022-07-21 16:40:34,43.6475,111.9767,84.13,21,100,11.27
379,Price,US,2022-07-21 16:40:36,39.5994,-110.8107,86.11,20,0,4.61
380,Beringovskiy,RU,2022-07-21 16:36:43,63.05,179.3167,45.36,72,99,10.98
381,La Ronge,CA,2022-07-21 16:40:37,55.1001,-105.2842,62.82,63,75,23.02
382,Romny,UA,2022-07-21 16:40:38,50.751,33.4747,63.16,89,89,13.4
383,Victoria,HK,2022-07-21 16:36:58,22.2855,114.1577,87.19,74,0,1.99
384,Bundaberg,AU,2022-07-21 16:40:39,-24.85,152.35,62.89,99,100,5.75
385,Defiance,US,2022-07-21 16:40:40,41.3334,-84.45,85.21,54,0,8.05
386,Rosarito,MX,2022-07-21 16:40:13,32.3333,-117.0333,81.66,61,100,9.6
387,Tsiroanomandidy,MG,2022-07-21 16:40:41,-18.7667,46.0333,61.97,58,0,9.95
388,Moose Factory,CA,2022-07-21 16:40:41,51.2585,-80.6094,60.8,100,100,8.05
389,Kaduqli,SD,2022-07-21 16:40:42,11.0167,29.7167,72.64,77,100,2.46
390,Mjolby,SE,2022-07-21 16:40:43,58.326,15.1237,94.89,30,88,10.65
391,Tazovskiy,RU,2022-07-21 16:40:43,67.4667,78.7,44.04,86,100,3.85
392,Huanren,CN,2022-07-21 16:40:44,41.2647,125.3667,65.3,98,100,2.46
393,North Bend,US,2022-07-21 16:40:45,43.4065,-124.2243,60.24,93,100,4.61
394,Hurghada,EG,2022-07-21 16:38:04,27.2574,33.8129,91.13,28,1,16.87
395,Cayenne,GF,2022-07-21 16:40:46,4.9333,-52.3333,87.84,15,21,5.75
396,Paita,PE,2022-07-21 16:40:47,-5.0892,-81.1144,66.99,72,69,14.74
397,Marystown,CA,2022-07-21 16:40:47,47.1666,-55.1483,69.85,100,37,13.0
398,Aldan,RU,2022-07-21 16:40:48,58.6031,125.3894,57.54,89,24,3.2
399,Oksfjord,NO,2022-07-21 16:40:49,70.2396,22.3479,61.0,99,100,8.7
400,Tura,IN,2022-07-21 16:40:49,25.5198,90.2201,75.78,95,100,3.83
401,Saint Anthony,US,2022-07-21 16:35:58,45.0205,-93.218,82.02,42,0,19.57
402,Aripuana,BR,2022-07-21 16:40:51,-9.1667,-60.6333,97.18,26,0,1.95
403,Pokrovsk,UA,2022-07-21 16:40:52,48.282,37.1758,67.08,58,74,9.73
404,Englehart,CA,2022-07-21 16:40:52,47.8169,-79.8664,66.76,94,100,14.97
405,Makaryev,RU,2022-07-21 16:40:53,57.8797,43.8069,63.45,76,96,5.55
406,Karaton,ID,2022-07-21 16:40:54,-6.3424,106.1045,73.85,93,47,0.67
407,Novyy Urengoy,RU,2022-07-21 16:40:55,66.0833,76.6333,45.97,79,100,8.25
408,Pacific Grove,US,2022-07-21 16:41:26,36.6177,-121.9166,67.21,96,100,11.01
409,Maniitsoq,GL,2022-07-21 16:41:27,65.4167,-52.9,44.46,94,100,12.75
410,Abu Samrah,SY,2022-07-21 16:41:27,35.3029,37.1841,84.47,31,0,15.08
411,Sakaiminato,JP,2022-07-21 16:41:28,35.55,133.2333,80.58,78,75,19.57
412,Los Llanos De Aridane,ES,2022-07-21 16:41:29,28.6585,-17.9182,73.15,73,0,17.27
413,Ust-Nera,RU,2022-07-21 16:41:30,64.5667,143.2,52.09,85,29,6.49
414,Baiao,BR,2022-07-21 16:41:30,-2.7906,-49.6717,94.17,33,23,4.79
415,Te Anau,NZ,2022-07-21 16:41:31,-45.4167,167.7167,33.39,94,43,1.7
416,Hambantota,LK,2022-07-21 16:41:32,6.1241,81.1185,79.54,82,96,20.69
417,Ust-Uda,RU,2022-07-21 16:41:32,54.1742,103.0304,58.17,75,100,2.66
418,Kosa,RU,2022-07-21 16:41:33,59.9445,54.9977,59.81,87,26,4.12
419,Ulladulla,AU,2022-07-21 16:41:34,-35.35,150.4667,53.6,83,93,7.34
420,Rabo De Peixe,PT,2022-07-21 16:40:56,37.8,-25.5833,71.11,78,75,5.75
421,Vanavara,RU,2022-07-21 16:41:35,60.34,102.2797,56.46,75,65,2.48
422,Zhigansk,RU,2022-07-21 16:41:36,66.7697,123.3711,56.34,96,100,8.05
423,Darnah,LY,2022-07-21 16:41:37,32.767,22.6367,78.76,66,0,25.08
424,Antalaha,MG,2022-07-21 16:41:38,-14.9003,50.2788,67.08,88,56,8.81
425,Yichang,CN,2022-07-21 16:41:39,30.7144,111.2847,79.32,91,96,2.71
426,Christchurch,NZ,2022-07-21 16:39:15,-43.5333,172.6333,41.32,75,75,9.22
427,Nioro,GM,2022-07-21 16:37:13,13.35,-15.75,84.83,69,97,1.9
428,Kloulklubed,PW,2022-07-21 16:41:40,7.0419,134.2556,75.7,73,100,2.48
429,Granada,ES,2022-07-21 16:41:41,37.25,-3.25,93.15,18,1,7.67
430,Huarmey,PE,2022-07-21 16:41:42,-10.0681,-78.1522,66.78,73,63,10.29
431,Shizilu,CN,2022-07-21 16:41:42,35.1711,118.8289,73.53,85,0,2.21
432,Fortuna,US,2022-07-21 16:41:43,40.5982,-124.1573,57.92,88,83,5.93
433,Acari,PE,2022-07-21 16:41:43,-15.4311,-74.6158,70.34,59,63,7.99
434,Kurilsk,RU,2022-07-21 16:41:44,45.2333,147.8833,52.81,97,100,13.65
435,San Juan,AR,2022-07-21 16:36:56,-31.5375,-68.5364,62.98,19,29,15.95
436,Hami,CN,2022-07-21 16:41:45,42.8,93.45,77.68,22,0,2.06
437,Husavik,IS,2022-07-21 16:41:46,66.0449,-17.3389,50.72,78,76,6.49
438,Bilgi,IN,2022-07-21 16:41:47,16.35,75.6167,77.7,75,100,14.58
439,Portland,US,2022-07-21 16:41:09,45.5234,-122.6762,74.77,69,20,5.75
440,Taoudenni,ML,2022-07-21 16:41:48,22.6783,-3.9836,107.01,17,41,8.1
441,Asau,RO,2022-07-21 16:41:48,46.4333,26.4,81.52,38,0,6.51
442,Ambon,ID,2022-07-21 16:41:49,-3.6954,128.1814,78.24,15,20,4.61
443,Gambela,ET,2022-07-21 16:41:50,8.25,34.5833,72.81,84,44,2.59
444,Businga,CD,2022-07-21 16:41:51,3.3333,20.8833,73.9,94,74,2.64
445,Egvekinot,RU,2022-07-21 16:41:51,66.3167,-179.1667,35.04,66,21,11.21
446,Haimen,CN,2022-07-21 16:41:52,23.1935,116.6142,82.29,85,0,5.23
447,Oum Hadjer,TD,2022-07-21 16:41:53,13.2954,19.6966,86.63,56,63,5.19
448,Melhus,NO,2022-07-21 16:41:54,63.2855,10.2781,58.66,83,99,4.52
449,Wawa,NG,2022-07-21 16:41:54,9.9022,4.4192,81.12,76,83,2.26
450,Pirgos,GR,2022-07-21 16:41:55,35.1167,25.7178,82.62,31,0,10.89
451,Banjar,ID,2022-07-21 16:42:25,-8.19,114.9675,73.74,89,51,6.24
452,Conakry,GN,2022-07-21 16:42:26,9.538,-13.6773,78.21,85,96,13.78
453,Kurtamysh,RU,2022-07-21 16:42:26,54.9103,64.4319,59.07,85,21,9.19
454,La Reforma,MX,2022-07-21 16:42:27,25.0833,-108.05,92.01,54,92,5.53
455,Coihaique,CL,2022-07-21 16:42:28,-45.5752,-72.0662,33.75,93,75,3.44
456,Chittaurgarh,IN,2022-07-21 16:42:28,24.8833,74.6333,79.38,82,100,5.08
457,Sechura,PE,2022-07-21 16:42:29,-5.5569,-80.8222,70.75,60,56,13.13
458,Vanimo,PG,2022-07-21 16:42:30,-2.6741,141.3028,78.22,86,100,2.06
459,Saint-Augustin,CA,2022-07-21 16:38:01,51.226,-58.6502,76.93,40,45,11.3
460,Amravati,IN,2022-07-21 16:42:31,20.9333,77.75,78.87,85,100,5.03
461,Morro Bay,US,2022-07-21 16:42:32,35.3658,-120.8499,80.24,1,13,4.0
462,Pietarsaari,FI,2022-07-21 16:42:32,63.65,22.6833,77.13,76,73,5.17
463,Biak,ID,2022-07-21 16:42:33,-0.9131,122.8766,75.34,87,28,6.69
464,Kaitangata,NZ,2022-07-21 16:42:33,-46.2817,169.8464,43.03,90,99,4.21
465,Gamba,GA,2022-07-21 16:42:34,-2.65,10.0,73.36,81,25,9.08
466,Ferkessedougou,CI,2022-07-21 16:42:35,9.6,-5.2,82.56,62,94,2.28
467,El Reno,US,2022-07-21 16:42:35,35.5323,-97.955,97.2,42,0,16.11
468,Sun Valley,US,2022-07-21 16:42:36,39.5963,-119.776,84.83,23,0,3.0
469,Karad,IN,2022-07-21 16:41:24,17.2833,74.2,73.51,88,100,6.96
470,Melbu,NO,2022-07-21 16:42:37,68.5044,14.8297,57.02,77,75,3.44
471,Guymon,US,2022-07-21 16:42:38,36.6828,-101.4816,78.8,57,40,5.75
472,Catamarca,AR,2022-07-21 16:42:38,-28.4696,-65.7852,70.16,36,43,8.1
473,Loreto,MX,2022-07-21 16:42:39,22.2667,-101.9667,81.14,17,1,4.76
474,Gujan-Mestras,FR,2022-07-21 16:42:40,44.6333,-1.0667,90.55,45,0,12.66
475,San Vicente,AR,2022-07-21 16:42:40,-26.6167,-54.1333,77.77,48,45,6.67
476,Concepcion,CL,2022-07-21 16:41:34,-36.827,-73.0498,53.4,94,75,2.3
477,Arman,RU,2022-07-21 16:42:41,59.7,150.1667,64.02,83,88,2.8
478,Phetchaburi,TH,2022-07-21 16:42:42,12.9667,99.5833,72.72,98,100,2.55
479,Belmonte,BR,2022-07-21 16:42:43,-15.8631,-38.8828,76.33,72,19,9.98
480,Tevriz,RU,2022-07-21 16:42:44,57.509,72.4042,56.55,98,100,6.06
481,Yekaterinovka,RU,2022-07-21 16:42:44,52.0508,44.3451,56.14,88,53,6.73
482,Lompoc,US,2022-07-21 16:42:45,34.6391,-120.4579,57.61,88,100,5.75
483,Santa Catarina De Tepehuanes,MX,2022-07-21 16:42:45,25.35,-105.7333,83.64,31,10,3.06
484,Maceio,BR,2022-07-21 16:42:46,-9.6658,-35.7353,81.84,69,75,12.66
485,Pedasi,PA,2022-07-21 16:42:47,7.5333,-80.0333,79.07,93,100,5.68
486,Kungurtug,RU,2022-07-21 16:39:28,50.5994,97.5228,49.41,84,29,3.11
487,Tiznit,MA,2022-07-21 16:42:48,29.5833,-9.5,98.11,14,60,8.84
488,Conde,BR,2022-07-21 16:42:48,-7.2597,-34.9075,76.46,94,75,8.05
489,Sola,VU,2022-07-21 16:42:49,-13.8833,167.55,80.6,79,11,18.9
490,Cap Malheureux,MU,2022-07-21 16:42:50,-19.9842,57.6142,69.48,70,62,5.01
491,Puga,MX,2022-07-21 16:42:50,21.5833,-104.8167,82.47,74,75,0.0
492,Javanrud,IR,2022-07-21 16:42:51,34.7961,46.5172,81.66,14,0,9.06
493,Sangar,RU,2022-07-21 16:42:52,63.9242,127.4739,62.13,97,69,5.32
494,Marang,MY,2022-07-21 16:42:52,5.2056,103.2059,78.71,80,86,2.98
495,Toma,BF,2022-07-21 16:42:53,12.7667,-2.8833,87.96,50,93,3.27
496,Mount Isa,AU,2022-07-21 16:42:53,-20.7333,139.5,49.53,35,2,12.57
497,Huallanca,PE,2022-07-21 16:42:54,-9.8993,-76.9417,57.96,33,19,10.87
498,Snasa,NO,2022-07-21 16:42:55,64.2457,12.3778,56.61,77,100,7.45
499,Menongue,AO,2022-07-21 16:43:26,-14.6585,17.691,65.89,27,5,3.98
500,Kruisfontein,ZA,2022-07-21 16:43:26,-34.0033,24.7314,53.89,85,0,1.54
501,Praia Da Vitoria,PT,2022-07-21 16:43:27,38.7333,-27.0667,80.85,61,20,1.43
502,Fallon,US,2022-07-21 16:39:24,39.4735,-118.7774,88.45,17,0,6.91
503,Chumikan,RU,2022-07-21 16:43:28,54.7183,135.315,52.0,100,100,2.8
504,Katherine,AU,2022-07-21 16:43:29,-14.4667,132.2667,59.38,46,81,6.78
505,Soyo,AO,2022-07-21 16:43:30,-6.1349,12.3689,71.24,85,59,11.07
506,Muslyumovo,RU,2022-07-21 16:43:30,55.3033,53.1947,61.52,79,88,2.44
507,Atar,MR,2022-07-21 16:43:31,20.5169,-13.0499,104.97,20,43,12.24
508,Skibbereen,IE,2022-07-21 16:43:32,51.55,-9.2667,61.11,88,100,7.87
509,Buala,SB,2022-07-21 16:43:33,-8.145,159.5921,79.88,83,92,5.88
510,Gazli,UZ,2022-07-21 16:43:34,40.1333,63.45,100.24,10,0,12.39
511,Nizhniy Kuranakh,RU,2022-07-21 16:43:35,58.8353,125.4869,59.16,93,22,2.68
512,Lundazi,ZM,2022-07-21 16:43:35,-12.2929,33.1782,63.52,60,62,9.42
513,Togur,RU,2022-07-21 16:43:36,58.3631,82.8265,56.57,98,85,6.13
514,Sur,OM,2022-07-21 16:43:37,22.5667,59.5289,89.06,65,98,10.29
515,Dzerzhinsk,RU,2022-07-21 16:43:37,56.2389,43.4631,67.82,68,75,8.95
516,Baoying,CN,2022-07-21 16:43:38,33.2292,119.3092,75.04,88,0,0.81
517,Tautira,PF,2022-07-21 16:43:38,-17.7333,-149.15,75.36,78,17,12.5
518,Nanakuli,US,2022-07-21 16:43:39,21.3906,-158.1547,76.1,73,75,5.75
519,Holly Hill,US,2022-07-21 16:43:40,29.2436,-81.0376,93.11,72,75,5.75
520,Kudahuvadhoo,MV,2022-07-21 16:43:41,2.6708,72.8944,81.66,70,100,9.8
521,Oxford,GB,2022-07-21 16:40:07,51.7522,-1.256,75.38,62,75,8.05
522,Vetapalem,IN,2022-07-21 16:43:42,15.7833,80.3167,85.01,72,99,2.82
523,Kupang,ID,2022-07-21 16:43:43,-10.1667,123.5833,75.04,80,25,11.72
524,Umm Lajj,SA,2022-07-21 16:43:43,25.0213,37.2685,87.73,56,3,9.8
525,Paracuru,BR,2022-07-21 16:43:44,-3.41,-39.0306,79.11,64,83,12.91
526,Pistoia,IT,2022-07-21 16:43:44,43.9667,10.8333,91.85,41,2,3.0
527,Poltava,UA,2022-07-21 16:43:45,49.5937,34.5407,64.83,80,83,11.63
528,Ketchikan,US,2022-07-21 16:43:46,55.3422,-131.6461,55.87,88,100,5.75
529,Bykov,RU,2022-07-21 16:43:47,47.3167,142.55,56.19,98,100,2.95
530,Andenes,NO,2022-07-21 16:43:47,69.3143,16.1194,59.94,77,75,10.36
531,Vorukh,TJ,2022-07-21 16:43:48,39.8494,70.5838,79.59,30,0,3.4
532,Taksimo,RU,2022-07-21 16:43:49,56.3444,114.8794,62.53,78,100,1.81
533,Manadhoo,MV,2022-07-21 16:43:49,5.7667,73.3833,81.95,78,100,18.79
534,Yarada,IN,2022-07-21 16:43:50,17.65,83.2667,84.52,94,75,2.3
535,Shorkot,PK,2022-07-21 16:43:50,31.9099,70.8774,87.21,62,99,9.04
536,Mishelevka,RU,2022-07-21 16:43:51,52.8575,103.1719,57.24,73,100,5.32
537,Adoni,IN,2022-07-21 16:43:52,15.6333,77.2833,85.3,56,100,5.08
538,Harstad,NO,2022-07-21 16:43:53,68.799,16.5293,61.3,95,80,10.0
539,Taltal,CL,2022-07-21 16:43:53,-25.4,-70.4833,62.06,74,20,5.41
540,Eshowe,ZA,2022-07-21 16:43:54,-28.8865,31.4699,56.7,96,9,4.54
541,Iskateley,RU,2022-07-21 16:43:55,67.6803,53.1512,49.78,63,2,13.0
542,Samur,RU,2022-07-21 16:43:55,41.8253,48.486,74.07,78,1,11.27
543,Klyuchi,RU,2022-07-21 16:43:56,52.2667,79.1667,73.99,53,100,13.56
544,Peterhead,GB,2022-07-21 16:44:27,57.5058,-1.7981,63.45,80,64,11.3
545,Povenets,RU,2022-07-21 16:44:27,62.8487,34.8262,73.29,63,10,1.32
546,Saquarema,BR,2022-07-21 16:44:28,-22.92,-42.5103,77.14,66,10,14.63
547,Smolenka,RU,2022-07-21 16:44:29,52.1352,113.4974,62.67,88,64,4.47
548,Inhambane,MZ,2022-07-21 16:44:29,-23.865,35.3833,69.78,83,20,3.44
549,Flinders,AU,2022-07-21 16:44:30,-34.5833,150.8552,59.38,75,100,5.99
550,Maragogi,BR,2022-07-21 16:44:31,-9.0122,-35.2225,77.81,78,78,12.28
551,Malanville,BJ,2022-07-21 16:44:32,11.8685,3.3899,88.86,52,98,5.14
552,Bathsheba,BB,2022-07-21 16:44:32,13.2167,-59.5167,86.61,84,40,23.02
553,Esperance,AU,2022-07-21 16:44:33,-33.8667,121.9,53.44,72,63,18.45
554,Flin Flon,CA,2022-07-21 16:44:34,54.7682,-101.865,62.44,67,100,12.66
555,Bac Lieu,VN,2022-07-21 16:41:46,9.285,105.7244,76.66,92,94,5.91
556,Coruripe,BR,2022-07-21 16:44:35,-10.1256,-36.1756,79.12,65,43,9.22
557,Tezu,IN,2022-07-21 16:44:36,27.9167,96.1667,77.09,93,100,2.77
558,Zhangjiakou,CN,2022-07-21 16:44:18,40.81,114.8794,73.62,59,66,7.63
559,Derzhavinsk,KZ,2022-07-21 16:44:37,51.1,66.3167,68.68,48,9,11.23
560,Aasiaat,GL,2022-07-21 16:44:38,68.7098,-52.8699,39.65,98,100,5.46
561,Grindavik,IS,2022-07-21 16:44:38,63.8424,-22.4338,55.35,94,75,9.22
562,Narodychi,UA,2022-07-21 16:44:39,51.2029,29.0823,72.16,59,1,12.84
563,Tromso,NO,2022-07-21 16:44:40,69.6496,18.957,55.42,82,75,2.3
564,Bolshaya Izhora,RU,2022-07-21 16:44:40,59.938,29.5772,77.13,74,3,8.12
565,Veraval,IN,2022-07-21 16:44:41,20.9,70.3667,82.0,80,100,15.12
566,De Aar,ZA,2022-07-21 16:44:41,-30.6497,24.0123,55.2,38,0,4.88
567,Fort Myers Beach,US,2022-07-21 16:44:42,26.452,-81.9481,94.05,65,0,5.99
568,Rabat,MA,2022-07-21 16:42:43,33.9911,-6.8401,80.67,69,75,6.91
569,Melville,US,2022-07-21 16:44:43,40.7934,-73.4151,93.88,68,0,13.8
570,Deputatskiy,RU,2022-07-21 16:44:44,69.3,139.9,37.65,90,4,4.36
571,Carinhanha,BR,2022-07-21 16:44:45,-14.3047,-43.765,86.38,21,18,6.96
572,Stryn,NO,2022-07-21 16:44:45,61.9045,6.7226,60.15,80,75,6.76
573,Kulhudhuffushi,MV,2022-07-21 16:44:46,6.6221,73.07,81.66,78,100,17.74
574,Nabire,ID,2022-07-21 16:44:46,-3.3667,135.4833,76.1,89,100,3.38
575,Joao Pinheiro,BR,2022-07-21 16:44:47,-17.7425,-46.1725,81.59,30,1,7.63
576,Salamiyah,SY,2022-07-21 16:44:48,35.0113,37.0532,79.97,47,0,17.25
577,Lamar,US,2022-07-21 16:44:48,33.6668,-95.5836,96.78,52,100,6.91
578,Margate,GB,2022-07-21 16:44:49,51.3813,1.3862,69.12,74,57,5.01
579,Kavieng,PG,2022-07-21 16:44:49,-2.5744,150.7967,81.0,80,100,10.04
